ID,Paper,Observable,Predicted,Uncertainty,Dataset,Status,Falsification_Criterion
P001,Paper 11,"The ICM entropy floor K₀ ~ 100–300 keV cm² is a relic thermodynamic signature imprinted on cluster baryons by the terminal subluminal stage of the collision cascade, universal across cluster masses, with effective L_X–T slope α_eff ≈ 2.6–3.0 reproducing the observed steepening over the self-similar α = 2. Status note (2026 review): the steepened L_X-T slope (~2.6-3.0) is confirmed (Pratt 2009; Bahar 2022), but the core entropy distribution is bimodal (~15 and ~150 keV cm^2; Cavagnolo 2009) and mass-dependent, not a universal 100-300 keV cm^2 floor.",ICM entropy floor and steepened L_X–T relation across all groups and clusters,,Intracluster Medium Entropy Floor,CONSISTENT,"AGN-quiet groups showing systematically shallower L_X–T slope than AGN-active groups, OR universal α_eff falling outside the 2.6–3.0 range across the full T_vir = 0.5–15 keV mass span."
P002,Paper 5; Paper 1,"Radio-loud quasar jet and polarization-vector alignments persist coherent over ≥1 Gpc baselines in future SKA and LOFAR surveys, 20–30× beyond the ΛCDM tidal-torque maximum coherence length of ~30–50 Mpc. Status note (2026 review): coherent optical quasar-polarization alignment is seen on ~500 Mpc to 1 Gpc scales (Hutsemekers 2014, ~1% chance) but is contested; the radio-jet alignment (Taylor and Jagannathan 2016) is only ~53 Mpc, not 1 Gpc.",Quasar polarization-vector and VLBI jet alignment over ~1 Gpc baselines,,Angular Momentum and Rotation Coherence,CONSISTENT,New large-sample SKA or LOFAR surveys showing alignment coherence scale is limited to < 100 Mpc after correcting for previously unrecognized systematics; or VLBI jet alignment significance dropping below 3σ with improved calibration.
P003,Paper 14,"Zero cosmological expansion inside virialized galaxy clusters is already an established observational fact; SCT merely supplies a Birkhoff-consistent mechanism (high-λ suppression). This is a post-diction of a textbook result, not a prediction about new observable nature, and belongs to the “internal consistency requirements & open derivations” class rather than the CONFIRMED predictions. Any claimed expansion signal inside virialized structures would still falsify the high-λ suppression mechanism.",Zero cosmological expansion inside virialized galaxy clusters,,"Dark Energy, Hubble Tension, and Expansion",CONSISTENCY-REQUIREMENT,"Precision astrometric monitoring finding cosmological-rate expansion of proper separations between member galaxies inside a virialized cluster, a non-zero signal at the ~H₀ × d level, would falsify the λ-suppression mechanism."
P004,Paper 2,"Galaxies at the centers of rich clusters show a systematic gravitational redshift offset Δz ~ 10⁻⁵ relative to outskirts; the SCT-specific extension is a frame-tree mass-dependent scaling testable with DESI's >1000 cluster sample. Status note (2026 review): cluster gravitational redshift (~3-5 x 10^-5) is detected repeatedly but each result is only ~2-3.5 sigma (Wojtak 2011; Mpetha 2021; Marulli 2023), is systematics-limited (Kaiser 2013), and does not yet separate GR from f(R)/MOND.",Cluster gravitational redshift stratification at the 10⁻⁵ level,,Hierarchical Lorentz Frame-Tree Corrections (Paper 2),CONSISTENT,"DESI spectroscopic analysis of >1000 galaxy clusters finding no systematic redshift stratification between centers and outskirts at the 10⁻⁵ level after peculiar velocity control, OR the stratification existing but not scaling with cluster potential depth as predicted by the frame-tree mass relation."
P005,Paper 5; Paper 11; Paper 1,"Co-rotating satellite planes appear around all adequately sampled host galaxies. The joint LambdaCDM tension for the observed systems (Milky Way VPOS, Andromeda GPoA, Centaurus A) is at the ~10^-5 to 10^-6 level - a genuine few-sigma anomaly under a proper joint statistic, not a naive product of per-system probabilities. Status note (2026 review): the earlier ~2 x 10^-14 figure was an invalid naive product of a-posteriori-selected per-system p-values (~8 orders too extreme; Pawlowski 2018); the planes are real but not universal and their persistence is contested as possibly transient (Sawala 2023).",Co-rotating satellite-galaxy planes around all adequately sampled host galaxies,,Angular Momentum and Rotation Coherence,CONSISTENT,"A systematic survey of ≥20 adequately sampled host galaxies finding co-rotation frequencies comparable to the ΛCDM prediction (~0.5%), rather than the observed ~100%."
P006,Paper 5; Paper 11,"BCG–cluster shape alignment is established at ~4.3 sigma (p ~ 1.6 x 10^-5) over 0.19 < z < 1.8, with only marginal (~2 sigma) evidence at z > 1.3 (West et al. 2017), proving it was set at formation as an initial condition, not assembled by tidal torques over time. Status note (2026 review): the one-in-a-million significance applies to the full-redshift sample; the high-z (z>1.3) subsample is only ~2 sigma.",BCG–cluster shape alignment fully in place at z > 1.3,,Angular Momentum and Rotation Coherence,CONSISTENT,"Re-analysis of West et al. (2017) cluster sample with refined BCG-shape estimators finding alignment at z > 1.3 weaker than at z = 0, consistent with gradual tidal assembly rather than formation-epoch imprinting."
P007,Paper 4; Paper 11,"A_lens > 1 naturally, constructive gravitational superposition from the parent-frame mesh provides additional lensing power beyond the local matter distribution; specifically A_lens ≈ 1.18, matching the existing Planck anomaly. This is an accommodation of a pre-existing anomaly, not a pre-registered prediction: the Planck-2018 A_lens ≈ 1.18 value was published before the SCT account and the SCT amplitude was tuned to reproduce it (S(z₀) ~ Ω_CDM/Ω_b − 1, implying A_lens ~ 1.18), so it is a post-diction rather than a confirmed prediction.",CMB lensing amplitude A_lens = 1.18 ± 0.065,,CMB-Specific Signatures,CONSISTENT,"Future CMB lensing measurements (CMB-S4, Simons Observatory) converging to A_lens = 1.000 ± 0.005, ruling out any coherent mesh lensing contribution."
P008,Paper 1,"The observed baryon asymmetry η_B ~ 6 × 10⁻¹⁰ is proposed to be produced geometrically via all three Sakharov conditions, requiring no beyond-Standard-Model physics. The collision geometry is conjectured to amplify effective CP violation by ~17–18 orders of magnitude above the CKM value. Status downgraded from [CONFIRMED]: η_B is a long-known number, so matching it is an accommodation, not a prediction; moreover no derivation yet links the geometric J-axis to a CP phase of the required magnitude, and the claimed cascade convergence to η_B ~ 6 × 10⁻¹⁰ has not been computed. The ~17–18-order amplification and the evasion of the standard electroweak-baryogenesis shortfall remain an OPEN derivation (future work).",Baryon-to-photon ratio η_B ≈ 6 × 10⁻¹⁰,,Baryon Asymmetry,CONSISTENT,A precision measurement of spatial variation in η_B across cosmological scales incompatible with geometric production from spatially varying collision impact parameters; OR definitive laboratory detection of leptogenesis or baryogenesis through mechanisms inconsistent with the sphaleron + geometric CP scenario.
P009,Paper 3; Paper 4,"Primordial spectral index n_s ≈ 0.965 is derived from first principles: n_s = 1 − 1/L where L ≈ 29 hierarchical nesting levels. The red tilt is physically motivated by the finite dynamic range of the cascade, not a free parameter. Status note (2026 review): n_s = 0.9649 +/- 0.0042 is the confirmed Planck 2018 observation, but n_s = 1 - 1/L is a one-parameter fit (any L in [28,30] reproduces the band), not a first-principles derivation; the L = 29 step is [MOTIVATED] per Paper 3.",n_s ≈ 0.965 derived from the cascade nesting depth L ≈ 29,,Early Structure Formation and JWST,CONSISTENT,"A precise measurement of n_s inconsistent with n_s = 1 − 1/L for any physically plausible L (20–40 levels), e.g., n_s < 0.950 or n_s > 0.975 at 5σ."
P010,Paper 11,"Substructure compactness scaling: A ∝ σ_v/v_cross, denser, slower-dispersion subhalos show stronger lensing excess. The GGSL rate scales as N × C(σ_v, R), with the explicit formula (A − 1)/(A_cluster − 1) = (N_sub/N_cluster)(R_cluster/R_sub)² × exp[(σ_v,cluster² − σ_v,sub²)/v_cross²]. Status note (2026 review): the GGSL substructure excess is a real anomaly - ~10x more galaxy-galaxy strong lensing than LambdaCDM simulations (Meneghetti 2020), narrowing to a persistent ~4x with improved baryonic physics (Meneghetti 2023); the authors note it may be a simulation systematic.",GGSL substructure lensing excess in massive clusters,,Dark Matter (Particle Non-Detection and Superposition),CONSISTENT,"Increasing CDM concentration uniformly in ΛCDM simulations fully resolving the GGSL excess at all radii and masses, demonstrating that the excess is an artifact of CDM concentration, not external superposition."
P011,Paper 3,"Overmassive black holes at z > 7 with BH-to-stellar mass ratios 10–1000× above the local Magorrian relation are predicted by direct-collapse BH seeds from head-on collision geometry: M_seed = f_BH × α_th × f_b,cosmic × μ, spanning 10⁷–10⁹ M☉ for M₁ = M₂ = 10¹²–10¹⁴ M☉. Status note (2026 review): overmassive high-z black holes are observed (UHZ1 at z=10.1 with M_BH ~ host stellar mass, Bogdan/Natarajan 2024; ~70 broad-line AGN >3 sigma above the local relation, 10-100x routine, up to ~1000x in extremes), with large Eddington/virial mass systematics.",Overmassive black holes at z > 7 with BH/stellar ratios 10–1000× above local Magorrian,,Early Structure Formation and JWST,CONSISTENT,"Detection of a complete z > 7 BH mass census showing all can be explained by Eddington-limited accretion from Population III stellar seeds formed at z < 30, no residual overabundance requiring M_seed > 10⁶ M☉."
P012,Paper 1; Paper 16,"Classical GR singularities at black hole centers are replaced by stable finite-density polyquark cores stabilized by quark degeneracy pressure. The mass-radius band spans M_max ~ 1.5–2.5 M☉ and R ~ 8–12 km, encompassing neutron stars, quark/strange stars, and horizon-enclosed polyquark cores. Status note (2026 review): there is no observational confirmation of singularity-free polyquark cores or universal EOS convergence; neutron-star data favour deconfined quark matter in massive NS cores (~80-90%, Annala 2020) but this does not confirm black-hole singularity replacement - this is a theoretical prediction.","Compact object mass–radius band, neutron stars, quark stars, polyquark cores",,Black Holes and QCD Singularity Resolution,PENDING,Discovery of a pulsar with M > 2.5 M☉ requiring EOSs outside the QCD-compatible band; OR NICER finding R < 7 km for a 2 M☉ pulsar; OR gravitational wave ringdown confirming clean Kerr metric to precision ruling out polyquark-core echo signals.
P013,Paper 4,"Directional CMB parameter variations were already detected at ~3σ by Migkas et al. (2021), published before the SCT account, so the present agreement is an accommodation of a pre-existing anomaly rather than a pre-registered confirmed prediction. The forward-looking component, that these variations will persist and sharpen with increased sky coverage and sensitivity, remains PENDING. SCT specifically predicts a dipolar modulation pattern aligned with the primary collision axis, the same axis as the hemispherical power asymmetry and quadrupole-octupole alignment.",Migkas directional cosmological parameter variations,,CMB-Specific Signatures,CONSISTENT,"Euclid all-sky cluster survey finding cosmological parameters isotropic to <0.5% across all sky sectors at >3σ, ruling out the collision-axis dipolar modulation."
P014,Paper 1; Paper 14,"The Hubble tension, H₀ = 73.0 km/s/Mpc (local distance ladder) vs. H₀ = 67.4 km/s/Mpc (CMB/BAO), is a pre-existing, well-established anomaly; SCT offers a candidate partial mechanism, not a resolution, via local Λ_eff variability. SCT does NOT claim the Hubble tension is resolved. To avoid double-counting, the budget is stated once with non-overlapping terms: the KBC supervoid contributes ~2–3 km/s/Mpc and the temporal evolution of Λ_eff between z = 1100 and z = 0 contributes ~2–3 km/s/Mpc, for a predicted central ΔH₀ ≈ 5 ± 2 km/s/Mpc; the frame-tree Lorentz term (#23/#27) and the radial-descent term (#80) are NOT added here, as they describe the same underlying variability sampled differently. Concrete falsification threshold: an environment-split H(z) measurement consistent to <2% at z < 0.5 would falsify the dominant void term. The 2025 record now includes Freedman et al. (2025) JWST TRGB/JAGB/Cepheid H₀ ≈ 70.0 ± 1.5, an intermediate value that weakens the clean 73-vs-67 radial-gradient framing and must be addressed (companion #80).",Hubble tension at ~5σ,,"Dark Energy, Hubble Tension, and Expansion",CONSISTENT,"The Hubble tension being resolved by a mechanism that requires zero environmental Λ variation, such as early dark energy acting uniformly across all environments, while simultaneously ruling out a ~9% local Λ_eff enhancement."
P015,Paper 1,"Gigaparsec-scale structures, the Big Ring (~1.3 Gly diameter, z ~ 0.8) and the Giant Arc (~3.3 Gly, z ~ 0.8), were reported before the SCT account and are accommodated, not pre-registered; they are interpreted as products of the first-stage collision geometry; the predicted characteristic scale Λ_max ≈ 2 × R_pocket ~ 5 Gpc is consistent with observed sizes.",Big Ring (~1.3 Gly) and Giant Arc (~3.3 Gly) gigaparsec-scale structures,,Large-Scale Structures and Sibling Pockets,CONSISTENT,"Future surveys showing these structures are statistical projection effects or selection-function artifacts, with no physical overdensity at gigaparsec scales above ΛCDM expectations."
P016,Paper 1; Paper 14,"w(z) evolves with two distinct modes from two distinct SCT premises: P18 predicts a long-term exponential increase in Λ_eff driving w(z) toward more negative values over Gyr timescales; P19 predicts short-term local variability producing scatter in w measurements between surveys sampling different environments. DESI DR2 (2025) strengthened the preference for dynamical dark energy to ~2.8–4.2σ (depending on SN sample), which post-dates and motivates this entry, so it is an accommodation rather than a pre-registered confirmation. The tension must be stated honestly: SCT predicts only a mild evolution (wa ≈ −0.19), whereas the DESI DR2 (w0, wa) fit prefers wa ≈ −1.05; SCT’s amplitude is in tension with the DESI central value and is NOT claimed to be consistent with it. The present-day observable equation of state is the thawing w_0 = -0.90 ± 0.03, w_a = -0.19 ± 0.07 (Paper 10); the exponential increase toward w < -1 is the asymptotic far-future limit.","DESI 2024 evolving dark energy hint (w₀ > −1, w_a < 0)",,"Dark Energy, Hubble Tension, and Expansion",CONSISTENT,"Precision measurement of w(z) = −1.000 ± 0.005 confirmed constant across all redshifts and all survey environments at high significance; OR demonstration that inter-survey w scatter is consistent with noise, not environmental Λ_eff variation."
P017,Paper 3,"Confirmed galaxies with M_* > 10⁸ M☉ continue to appear at z > 14 following a power-law (not exponential) decline in comoving number density, contradicting the ΛCDM exponential suppression at z > 12. Status corrected from [CONFIRMED] to [PENDING]: only the existence of two massive z ≈ 14 systems is confirmed; the discriminating power-law-vs-exponential test requires a z > 14 statistical sample not yet available, so the distinguishing claim is future work.",JWST z > 14 massive galaxies and morphological maturity at high redshift,,Early Structure Formation and JWST,PENDING,"All JWST spectroscopic programs targeting z > 14 finding zero galaxies with M_* > 10⁸ M☉, consistent with ΛCDM exponential suppression."
P018,Paper 3,"The protocluster SPT2349-56 (z = 4.3, the one tSZ-detected high-z system to date) shows ICM thermal energy ~5-14x above the virial expectation, the 'born-hot' ICM, correlated with elevated stellar mass, high disk fraction, and overmassive central BHs. Status note (2026 review): this is a single exceptional object (Zhou et al. 2025, tSZ 8-10 sigma, 6.4 sigma above TNG-Cluster), not an established tSZ-selected z>3 population (the comparable Spiderweb shows a tSZ deficit).",Born-hot ICM at z = 4.3 protocluster SPT2349-56,,Early Structure Formation and JWST,CONSISTENT,"A survey of ≥10 protoclusters at z > 3 showing all systems with E_therm/E_vir following the TNG-Cluster median; OR ICM thermal excess found uncorrelated with stellar mass excess, disk fraction, and BH mass."
P019,Paper 5; Paper 11,"Cluster spin velocity scales as ~330 km/s at 10^14 M_sun rising to ~800 km/s at 10^15 M_sun (Tang et al. 2025, preprint); spin axes ⊥ filament and parallel to BCG spin axis; signal strongest in dynamically young clusters (opposite of tidal torque theory). The J ∝ M × v_rel scaling must hold at all observed redshifts. Status note (2026 review): the mass-spin scaling rests on one not-yet-peer-reviewed 2025 preprint; coherent cluster rotation is otherwise seen in only ~10-25% of clusters (Manolopoulou and Plionis 2017).","Galaxy cluster spin signal, 360–693 km/s scaling with mass",,Angular Momentum and Rotation Coherence,PENDING,"Cluster spin surveys at z = 0.5–1.5 finding J ∝ M × v_rel scaling absent or strongly redshift-dependent, consistent with gradual tidal torque accumulation."
P020,Paper 5,"Individual cosmic filaments carry coherent bulk angular momentum (~110 km/s); member galaxy spin axes exceed IllustrisTNG predictions in alignment amplitude. Next filament samples will confirm this scaling. Status note (2026 review): individual-filament rotation (~110 km/s) is tentative - ~2-3 sigma in a single 15 Mpc filament (Tudorache 2025), building on the stacked 'possible evidence' of Wang 2021.",Coherent bulk angular momentum in individual cosmic filaments,,Angular Momentum and Rotation Coherence,CONSISTENT,"Systematic MeerKAT/SKA survey of ≥50 filaments finding bulk rotation velocities consistent with IllustrisTNG predictions (i.e., amplitude within simulation uncertainty) and spin-axis alignment no stronger than simulations predict."
P021,Paper 11; Paper 5,"Galaxy cluster major-axis orientation alignment persists to ~100 h^-1 Mpc (~140 Mpc; Smargon et al. 2012) and strengthens monotonically with redshift (d⟨cos θ_align⟩/dz > 0). Specifically, ellipticity evolution follows e ≈ 0.33 + 0.05z from z = 0 to z > 1.5, the opposite of what ΛCDM tidal-torque buildup predicts. Status note (2026 review): the mass dependence is confirmed (van Uitert and Joachimi 2017); the persistence scale is ~100 h^-1 Mpc, not 200-300 Mpc.",Cluster major-axis correlation extending to 200–300 Mpc,,Angular Momentum and Rotation Coherence,CONSISTENT,"CMB-S4 cluster catalogs at z > 1.5 showing alignment amplitude decreasing with redshift, or ellipticity evolution inconsistent with e ≈ 0.33 + 0.05z at >3σ."
P022,Paper 1; Paper 5,"The CMB dipole direction is approximately perpendicular to the large-scale angular momentum coherence axis, a geometric cross-check prediction testable with currently available data. Status note (2026 review): no measured alignment of the CMB dipole perpendicular to a large-scale angular-momentum axis exists in the literature; this is an SCT-specific prediction, not a confirmed observation. (The established result is that the CMB dipole and the quasar number-count dipole point the same way - see prediction 23.)",CMB dipole perpendicular to large-scale angular-momentum axis (P64),,Angular Momentum and Rotation Coherence,PENDING,Dedicated analysis finding the CMB dipole direction aligned with (not perpendicular to) the large-scale AM coherence axis at >3σ. (Planck CMB dipole reconstruction combined with SKA full-sky polarimetric jet axis maps provides the decisive joint test).
P023,Paper 1,"Different cosmic tracers (low-z galaxies, quasar number counts at z~1, quasar redshift distribution) give different dipole directions and amplitudes, the pattern is the projection of three geometrically distinct fossils of one collision (v_frame parallel to b, structural anisotropy along the collision axis, Λ_eff gradient along J). Status note (2026 review): genuine anomalies - the quasar number-count dipole exceeds the kinematic expectation at 4.9-5.7 sigma (Secrest 2021; CatWISE) and the bulk flow reaches 419 +/- 36 km/s at 200 h^-1 Mpc (4.8 sigma; Watkins 2023); whether the low-z bulk flow and the z~1 quasar dipole are the same flow is not established.","Redshift-tomographic cosmic dipole, direction and amplitude pattern across all tracers",,Cosmic Dipole Tomography,CONSISTENT,Independent reanalysis dissolving the tracer-dependent dipole pattern into a single kinematic dipole consistent across all tracers in direction and amplitude; or the amplitude excesses reduced below 2 σ by demonstrated systematics across all catalogs simultaneously.
P024,Series 2 Paper 1; Paper 15,"The CAR baryon-loading constant is derived first-principles from the SO(3) cascade channel structure plus QCD boundary and photon-heating corrections: R_b^SCT = 0.2545 ± 0.032 vs R_b^obs = 0.260 ± 0.002. The nominal separation is (0.260 − 0.2545)/√(0.032² + 0.002²) ≈ 0.17σ, but this is dominated by the large ±0.032 SCT theory band, not by a stringent data test; it should be read as “consistent within the (large) theory uncertainty,” not as a sub-σ confirmation. The 13.6% QCD-boundary loss and 2.3% photon-heating correction are inputs whose first-principles error budget is not derived here, so the “zero free parameters” claim remains to be made fully auditable.",Baryon loading R_b = 0.2545 derived from cascade geometry with no BBN or CMB input,,CAR Acoustic Framework and Cascade-Geometry Constants (Paper 15 and Series 2 Paper 1),CONFIRMED,"Observed R_b falling outside the ±3 σ window [0.158, 0.350]; or an identified error in the cascade-geometry chain, which would simultaneously undermine the N_eff prediction (#80)."
P025,Paper 15; Series 2 Paper 1,"The coherence background C_bg = 1 + R_b/3 = 1 + 0.2545/3 = 1.0848 corrects the CMB-extrapolated clustering amplitude via S₈^SCT = S₈^CMB / C_bg = 0.832 / 1.0848 = 0.767 ± 0.015 (Paper 15 Section 4). (Correction: earlier revisions printed 0.783, which does not follow from the canonical R_b = 0.2545; the exact division of 0.832 by 1.0848 is 0.767, which is adopted here.) The value 0.767 sits inside the joint DES-Y6 / HSC-Y3 / KiDS-DR5 lensing range (~0.759–0.776), addressing the S₈ tension from the CMB side.",S₈ = 0.767 ± 0.015 (= 0.832/1.0848; corrected from 0.783) derived from the cosmological coherence background,,CAR Acoustic Framework and Cascade-Geometry Constants (Paper 15 and Series 2 Paper 1),CONFIRMED,"Combined DES+HSC+KiDS S₈ outside [0.722, 0.812] (the ±3 σ window centered on the corrected prediction S₈ = 0.767 ± 0.015) at high confidence; or the redshift evolution of the inferred amplitude failing to follow the coherence growth A(z) (companion to ledger #40). The ±3σ window is retained because the ±0.015 prediction error already makes the test moderately stringent; tightening it further would require a smaller propagated error on C_bg."
P026,Paper 1,"Dipole direction must rotate continuously from the CMB axis (z < 0.1) toward the J axis (~90 degrees offset, z > 1.5) as the redshift bin moves outward. Currently testable with redshift-binned Quaia + CatWISE; sharpened by LSST.","Tomographic dipole rotation across redshift bins, predicted direction evolution",,Cosmic Dipole Tomography,PENDING,"Redshift-binned tomographic analysis finding the dipole direction constant across all bins (anomalies reduced to tracer-specific systematics); or monotonic rotation in the opposite sense, or a rotation rate inconsistent with the θ(z) profile at >3 σ."
P027,Paper 2,"Frame-tree redshift corrections at the 10⁻⁵–10⁻⁴ level in (1+z): supernovae embedded in rich cluster environments will show systematically different inferred H₀ values from supernovae in field environments by ~0.5–1%, purely from hierarchical Lorentz composition. Testable in Pantheon+ and DESI supernova subsamples split by host-cluster membership.","Frame-tree redshift corrections, supernova H₀ split by host-cluster membership",,Hierarchical Lorentz Frame-Tree Corrections (Paper 2),PENDING,"Pantheon+ or DESI SN analysis implementing the full frame-tree correction finding no systematic H₀ offset between cluster-environment and field-environment SN subsamples at >2σ, ruling out the hierarchical Lorentz contribution to the Hubble tension."
P028,Paper 12; Paper 11,"Residuals from the mean radial-acceleration relation correlate with each galaxy's σ_v/v_bulk at >2 σ across the full SPARC sample, the coherence dial behind rotation-curve diversity, testable today with existing data.",RAR residual scatter correlates with the kinematic coherence diagnostic σ_v/v_bulk,,Galactic Dynamics and Substructure Discriminants,PENDING,No correlation between RAR residuals and σ_v/v_bulk at >1 σ in the full SPARC sample; or diffuse galaxies failing to show amplification falling monotonically with σ_v/v_bulk.
P029,Paper 12; Paper 11,Three named null tests of the same absence: no Milky Way stellar-halo wake at the particle-halo amplitude predicted for the LMC's passage; galactic bar pattern speeds stay fast (no halo braking); Fornax's globular clusters show no orbital decay at the particle-wake rate.,No dynamical-friction signatures of a particle-halo medium,,Galactic Dynamics and Substructure Discriminants,PENDING,ANY one signature confirmed at the particle-medium amplitude: a halo wake with the predicted density and kinematic structure; bars predominantly slow with the friction deceleration profile; or measured globular-cluster orbital decay at the wake rate.
P030,Paper 1,No stellar object inside our patch can be robustly older than 13.8 Gyr. The collision thermalized the entire overlap volume; nothing stellar survived it. A single star dated older beyond all modeling uncertainty falsifies the collision chronology outright.,Absolute stellar age ceiling at the local thermal age of 13.8 Gyr,,Local Anchors and Absolute Nulls,PENDING,"One stellar object dated older than 13.8 Gyr at a confidence that survives all modeling systematics falsifies the collision chronology, no fallback, since SCT forbids pre-collision survivors inside the patch."
P031,Paper 1; Paper 4,"Reframed to a single decisive observable: SCT’s sub-GUT thermal ceiling and simply-connected manifold (P2) predict the absence of CMB topology signatures, with a concrete threshold - a matched-circle search detecting non-trivial topology at >3σ (e.g. a matched-circle statistic S > 0.5 on scales > 10°) would falsify the prediction. (The broader “no monopole and no GUT relic in any channel” framing is a structural commitment and is not counted as a separate falsifiable prediction; only the matched-circle test above carries the falsification weight.)","Defect-free sky: no magnetic monopoles, no cosmic-topology signature, no GUT-epoch relics",,Local Anchors and Absolute Nulls,PENDING,A single confirmed magnetic monopole certifies a GUT-scale epoch and falsifies the cascade's thermal ceiling outright; a confirmed cosmic-topology detection falsifies the infinite simply-connected manifold (P2). Either ends the framework's origin sector.
P032,Paper 16,"Universal EOS convergence: at densities ρ > ρ_QCD ~ 10¹⁷ kg/m³, all compact objects (neutron stars, quark stars, black holes) converge to the same polyquark EOS branch. This predicts a universal maximum neutron star mass ceiling M_max > 2.5 M☉ reflecting the QCD degeneracy pressure floor, testable via pulsar timing and gravitational wave mass measurements.",Universal EOS convergence and M_max ceiling at 2.5 M☉,,Black Holes and QCD Singularity Resolution,PENDING,"Confirmation of a neutron star or quark star with M > 2.5 M☉ via pulsar timing or gravitational wave mass measurement, this would require EOS stiffness outside the QCD-compatible band defined by Equations 6–13 of doi:10.5281/zenodo.18092309. The decisive instruments are NICER for radius determinations, LIGO/Virgo for tidal-deformability measurements, and pulsar timing arrays (NANOGrav, EPTA, PPTA) for high-precision compact-object mass measurements."
P033,Paper 16; Paper 1,"SCT modifies the BH interior (replacing the singularity with a polyquark core) but preserves the Schwarzschild exterior metric, in agreement with classical GR and all current observational tests of GR around astrophysical BHs. This is a consistency requirement automatically satisfied by the junction condition, not a distinguishing prediction about observable nature, and is excluded from the prediction count.",Schwarzschild exterior preserved across the polyquark interior modification,,Black Holes and QCD Singularity Resolution,CONSISTENCY-REQUIREMENT,"High-precision exterior tests of BH spacetime (Event Horizon Telescope follow-ups, GW tail analyses, pulsar timing in BH binaries) finding deviations from Schwarzschild that cannot be attributed to spin or environment, such deviations would equally falsify GR and SCT, but the prediction is specifically that no exterior deviation should appear."
P034,Paper 1; Paper 3,"The accelerated first stellar generation enriched the web early and everywhere: no star below ~10⁻⁶ solar metallicity will ever be confirmed, no zero-metallicity star-forming gas exists at accessible redshifts, and proto-cluster gas is already enriched at epochs preceding the hierarchical clock.","Universal early enrichment: no truly metal-free star, no pristine star-forming gas, pre-enriched proto-cluster outskirts",,Early Demographics and Thermal History,PENDING,"A confirmed star below ~10⁻⁶ solar metallicity, or genuinely zero-metallicity star-forming gas at redshifts where the seeded first generation should already have enriched the web, refutes the early-and-everywhere geography; clumpy declining outer-ICM metallicity restores the sequential clock."
P035,Paper 3,"Disk fraction at z > 10 exceeds 10%, morphological type is set at the collision seeding epoch by impact parameter J/J_circ ratio and preserved by exact angular momentum conservation.",Disk fraction > 10% at z > 10,,Early Structure Formation and JWST,PENDING,"Definitive JWST morphological census of all confirmed z > 10 galaxies finding disk fraction consistently below 5%, comparable to the merger-dominated ΛCDM expectation."
P036,Paper 5; Paper 11,"BCG–cluster shape alignment is fully in place at z > 2, JWST cluster imaging extension testing whether alignment is established when the universe was < 3 Gyr old.",BCG-cluster shape alignment fully in place at z > 2,,Angular Momentum and Rotation Coherence,PENDING,"JWST cluster imaging at z > 2 finding BCG–cluster alignment absent or significantly weaker than at z = 0, consistent with gradual tidal assembly rather than formation-epoch imprinting."
P037,Paper 3; Paper 1,"Galaxies at the highest accessible redshifts (z > 12) show super-solar metallicity ratios, N/C, O/H, that require multi-Gyr stellar enrichment timescales unavailable in standard hierarchical assembly. SCT collision seeding deposits pre-enriched material from the parent-pocket plasma.",Super-solar metallicity in the most extreme z galaxies,,Early Structure Formation and JWST,PENDING,"Systematic JWST + ALMA spectroscopic survey at z > 12 finding metallicity ratios consistent with brief in-situ enrichment from a freshly assembled stellar population, e.g. all z > 12 galaxies showing sub-solar metallicities consistent with first-generation stars only."
P038,Paper 14,Large spectroscopic surveys with environment classification will detect a systematic ~9% difference in inferred H(z) between void-dominated and overdensity-dominated sightlines.,~9% void/overdensity H(z) difference,,"Dark Energy, Hubble Tension, and Expansion",PENDING,Environment-tagged H(z) measurements in DESI finding no systematic difference between void-dominated and overdensity-dominated sightlines at the >2% level after all peculiar velocity corrections.
P039,Paper 14,"BAO standard-ruler scale shows systematic environment-dependent shifts at the ~0.1–0.3% level, void-environment BAO tracers yield a slightly different inferred D_A than cluster-environment tracers at the same redshift.",BAO standard-ruler environment-dependent shifts (~0.1–0.3%),,"BAO, Power Spectrum, and Sound Horizon",PENDING,"DESI BAO void vs. cluster environment split finding inferred D_A consistent to better than 0.05% at the same redshift, ruling out the predicted 0.1–0.3% shift."
P040,Paper 1; Paper 4,"The BAO sound horizon r_s is slightly shifted upward relative to ΛCDM, reflecting the baryon-only pre-recombination photon-baryon fluid (no CDM particle present).",BAO sound horizon r_s upward shift from CDM-free pre-recombination fluid,,"BAO, Power Spectrum, and Sound Horizon",PENDING,BAO peak position matching the ΛCDM CDM+baryon value exactly with no upward shift detectable at DESI/Euclid sub-percent precision.
P041,Paper 1; Paper 14,SCT expansion history H_SCT(z) departs from ΛCDM at the sub-percent level for z < 2 due to variable Λ_eff(z); jointly measurable via Euclid and DESI BAO+RSD analysis.,Sub-percent H_SCT(z) departure from ΛCDM at z < 2,,"BAO, Power Spectrum, and Sound Horizon",PENDING,Euclid+DESI BAO+RSD joint analysis finding H(z) for z < 2 indistinguishable from the ΛCDM prediction at the 0.1% level.
P042,Paper 14,"The DESI-observed w(z) evolving signal (w₀ > −1, w_a < 0) is a geometric artifact of fitting an inhomogeneous Λ_eff(x,t) into a homogeneous parameterization, and its amplitude will correlate with the void fraction of the survey volume.",DESI w(z) signal correlates with survey void fraction,,"Dark Energy, Hubble Tension, and Expansion",PENDING,"DESI/Euclid finding w₀ and w_a values independent of survey void fraction at >3σ significance, ruling out the environmental-artifact explanation."
P043,Paper 2,"Standard single-boost Type Ia SN pipeline will infer w ≠ −1 even when the true equation of state is exactly w = −1, because the frame-tree correction is absorbed into the w parameter. Implementing the hierarchical correction will drive w back toward −1 in cluster-environment SN subsets.",Spurious w ≠ −1 from single-boost Type Ia SN pipeline,,Hierarchical Lorentz Frame-Tree Corrections (Paper 2),PENDING,"DESI SN analysis implementing frame-tree corrections for cluster-environment SNe finding no shift in inferred w, demonstrating the w ≠ −1 signal is independent of environment and cannot be a frame-tree artifact."
P044,Paper 1,"Λ_eff varies spatially at ~1% level on 100–300 Mpc scales, producing measurably faster apparent expansion in voids relative to filaments at this amplitude.",Λ_eff ~1% spatial variation on 100–300 Mpc scales (voids vs. filaments),,Large-Scale Structures and Sibling Pockets,PENDING,DESI void and filament expansion rate comparison finding no systematic difference at the 1% level after all peculiar velocity corrections.
P045,Paper 1,"The cosmic homogeneity scale (above which the universe statistically resembles itself) matches the characteristic collision-patch size, providing an empirical test of the SCT horizon-problem resolution.",Homogeneity scale matches collision-patch size,,Large-Scale Structures and Sibling Pockets,PENDING,"Cosmic homogeneity scale measured at a value inconsistent with reasonable collision-patch sizes by orders of magnitude, OR sharp discontinuity at the predicted scale absent from large-scale structure surveys. The relevant data come from DESI and Euclid wide-area redshift surveys combined with SDSS legacy clustering measurements; the homogeneity scale at the predicted ~300 Mpc threshold is what determines the test."
P046,Paper 1,"The matter power spectrum shows excess power at k < ~0.01 Mpc⁻¹ from the largest collision stages, a signature with no ΛCDM analog.",Matter power-spectrum excess at k < 10⁻² Mpc⁻¹,,"BAO, Power Spectrum, and Sound Horizon",PENDING,"Wide-field surveys (DESI, Euclid, Roman) finding no power excess at k < 0.01 Mpc⁻¹ beyond cosmic variance expectations."
P047,Paper 1,"The census of walls, arcs, rings, and superfilaments must extend beyond the ΛCDM growth ceiling (the Giant Arc and Big Ring class is real) AND terminate near the first-stage deposit scale Λ_max ~ 2 × R_pocket ~ 5 Gpc. Coherent structures substantially beyond 5 Gpc falsify the parent-pocket hierarchy.","Giant-structure spectrum is two-sided: real beyond the hierarchical ceiling, capped near Λ_max ~ 5 Gpc",,Deposited-Web Architecture,PENDING,"Either failure mode kills: the giant inventory dissolving into projection artifacts with coherence genuinely ending at the hierarchical ceiling, or confirmed coherent structures substantially beyond ~5 Gpc breaking the parent-pocket scale."
P048,Paper 14; Paper 1,"Local bulk-flow anisotropies correlate with the Λ_eff field: galaxies in void directions show higher bulk-flow velocities than galaxies in cluster directions, exceeding ΛCDM peculiar-velocity predictions; the bulk-flow direction aligns with the Λ_eff gradient.",Bulk flow anisotropy correlated with Λ_eff field,,"Dark Energy, Hubble Tension, and Expansion",PENDING,"DESI peculiar velocity survey finding bulk-flow residuals uncorrelated with environmental density (void vs. cluster direction) at >3σ, consistent with ΛCDM gravitational-only peculiar velocities."
P049,Paper 2,"Bulk flows measured at different angular scales (solar system, galaxy, cluster, supercluster) each contribute independently to the observed redshift at v/c ~ 10⁻³ per hierarchy level. Cross-correlation of redshift residuals with large-scale structure maps will reveal a multi-scale hierarchical pattern not predicted by single-boost models.",Multi-scale hierarchical bulk-flow pattern in redshift residuals,,Hierarchical Lorentz Frame-Tree Corrections (Paper 2),PENDING,Cross-correlation of DESI spectroscopic redshift residuals with reconstructed velocity fields at different angular scales finding a single dominant scale (consistent with the single-boost model) rather than the predicted hierarchical multi-scale pattern.
P050,Paper 2,"Galaxies at the centers of rich clusters show a systematic redshift offset Δz ~ 10⁻⁵–10⁻⁴ relative to cluster outskirts, from gravitational descent through the cluster potential well. Non-detection at this amplitude in DESI/4MOST spectroscopic surveys would falsify the frame-tree gravitational shift calculation.",Cluster-center redshift stratification at predicted amplitude with mass scaling,,Hierarchical Lorentz Frame-Tree Corrections (Paper 2),PENDING,"DESI spectroscopic analysis of >1000 galaxy clusters finding no systematic redshift stratification between cluster centers and outskirts at the 10⁻⁵ level, after controlling for peculiar velocities, ruling out the gravitational descent contribution to the frame-tree correction."
P051,Paper 2,"Source–observer pairs sharing a common cluster or supercluster parent (lowest common parent = LCP) will show systematically lower redshift scatter than pairs whose LCP is the Hubble flow, a unique signature of the frame-tree formalism with no ΛCDM analog.",LCP-sharing source-observer pairs show lower redshift scatter,,Hierarchical Lorentz Frame-Tree Corrections (Paper 2),PENDING,"DESI+Euclid cross-correlation analysis finding redshift residuals uncorrelated with shared parent structure membership, consistent with all source-observer pairs being independent of their hierarchy environment."
P052,Paper 11,"The S₈ tension diminishes with increasing redshift: ΔS₈ ≡ S₈^{CMB} − S₈^{low-z} decreases from ~0.05 at z ~ 0.3 to ≲0.01 at z ~ 1.5, following A(z) ∝ (1+z)^{−γ} with γ ≈ 0.5–1.0, in direct conflict with massive neutrino or early dark energy resolutions which predict the tension to persist at high redshift.",S₈ tension diminishes with redshift,,"Dark Energy, Hubble Tension, and Expansion",PENDING,"S₈ tension persisting at equal magnitude at z ~ 1.5 as at z ~ 0.3, measured by multiple independent high-z weak-lensing surveys, this favors neutrino or early dark energy solutions and strongly disfavors the superposition mechanism."
P053,Paper 11,Gravitational superposition yields S₈ tension that is mass-dependent: strongest at intermediate cluster masses M ~ 10¹⁴–10^{14.5} M☉ where A(M) peaks; hydrostatic mass bias b increases monotonically with cluster richness λ; M_WL/M_hyd ∝ A(λ).,S₈ tension peaks at intermediate cluster masses; richness scaling of bias,,Dark Matter (Particle Non-Detection and Superposition),PENDING,Richness-binned mass calibrations showing b independent of richness at >3σ; S₈ tension independent of cluster mass; A(λ) showing no monotonic richness scaling.
P054,Paper 12; Paper 10,"The 'lensing is low' deficit must be largest at intermediate radii, vanish toward small radii where A approaches 1, converge to ΛCDM at large radii in the two-halo regime, and diminish with redshift as A(z) falls. A deficit flat in scale or constant in redshift breaks the coherence reading.",Galaxy-galaxy lensing deficit tracks the coherence profile in scale and redshift,,Deposited-Web Architecture,PENDING,"A measured deficit flat in scale or constant in redshift; or full agreement of lensing with NFW-shaped profiles at all radii in large stacked samples, leaving no profile for the coherence term to carry."
P055,Paper 15,"The cosmological coherence background is directly testable as the intrinsic-alignment bias amplitude: Paper 15 derives b_IA = 1 + R_b/3 = 1.0848 ± 0.011, and DES-Y6, HSC-Y3, and KiDS-DR5 must each return the same value.",Intrinsic-alignment bias b_IA = 1 + R_b/3 = 1.0848 across independent lensing surveys,,CAR Acoustic Framework and Cascade-Geometry Constants (Paper 15 and Series 2 Paper 1),PENDING,b_IA inconsistent with 1 + R_b/3 across three independent surveys at 3 σ.
P056,Series 2 Paper 1,"Coherent amplification is scale-limited: beyond the decoherence scale k_c ~ 0.5 h/Mpc the constructive superposition no longer adds in phase, so small scales carry genuinely less effective gravitating structure. The Lyman-alpha forest P1D deficit should show onset near the threshold, not a smooth scale-independent tilt.",Matter power suppression onset at k_c ~ 0.5 h/Mpc from coherence decoherence,,Environment-Dependent Expansion and Spectrum Discriminants,PENDING,"Forest power showing smooth scale-independent suppression, or onset far from k_c, at DESI percent precision, favoring the particle-sector repairs."
P057,Paper 12,"Under the parameter-free potential Φ_eff(r) = −G × A(r) × M_baryonic(<r)/r, the cumulative azimuthal offset of the Sagittarius stream after four complete wraps diverges from the NFW apsidal prediction by 24–120 degrees, a registered quantitative discriminant with no halo parameter fit.",Sagittarius stream wrap-spacing offset of 24–120 degrees from the ΛCDM apsidal prediction,,Galactic Dynamics and Substructure Discriminants,PENDING,"Observed stream arm positions consistent with the ΛCDM apsidal angle at >2 σ; or stream geometry requiring M_eff(>50 kpc) > 5 × 10¹¹ M☉ at >3 σ, breaking the amplified-baryon mass budget."
P058,Paper 11; Paper 12,"Clean, isolated stellar wide binaries must show pure Newtonian dynamics at every acceleration. Ensemble coherence requires many comoving sources; a two-body system has no ensemble, so any confirmed MOND-like boost (γ ~ 1.4) in triple-purged Gaia binaries falsifies the coherence account of dark matter.","Wide binaries are exactly Newtonian, no gravity boost at low acceleration in N = 2 systems",,Local Anchors and Absolute Nulls,PENDING,"A community-confirmed gravity boost of γ ~ 1.4 in clean two-body wide binaries falsifies the ensemble-coherence mechanism outright, SCT loses the dark-matter sector to MOND in that world."
P059,Paper 5; Paper 11,"Filament length-to-width aspect ratio correlates with parent collision velocity and mass ratio: higher v_rel produces more elongated filaments (L_strand ∝ v_rel × τ_therm); more equal mass ratios produce wider, more symmetric debris. Head-on collisions produce strand-like filaments; grazing collisions produce rotating sheets. This geometry–kinematics duality is testable with Euclid morphology catalogs.",Filament aspect ratio correlates with collision velocity and mass ratio,,Angular Momentum and Rotation Coherence,PENDING,DESI/4MOST spectroscopic analysis finding no correlation between filament aspect ratio and galaxy velocity dispersion profile (rotational vs. dispersion-dominated populations) after controlling for mass and environment.
P060,Paper 1; Paper 3,"Dynamically cold rotating disks (V/σ ~ 10) at z = 4-5 are the birth state, not a settling achievement: JWST and ALMA kinematic censuses must find the cold-disk fraction among massive star-forming galaxies staying high or rising toward earlier epochs, with mass growth dominated by in-place formation rather than mergers.",Cold-disk fraction does not decline toward earlier epochs at fixed mass,,Early Demographics and Thermal History,PENDING,"Cold-disk fraction curves showing coldness systematically increasing toward later times at all masses, with the earliest disks uniformly turbulent; or merger statistics verified to supply the majority of stellar mass growth at z > 2."
P061,Paper 3; Paper 11,"XRISM and Athena velocity mapping across unbiased cluster samples must keep finding non-thermal pressure fractions well below the 10-30 percent hierarchical simulations require, with dispersions not tracking AGN power or merger state, the gas was thermalized at deposition and has stayed calm.",ICM born settled: turbulent pressure fractions stay below the simulated 10-30 percent,,"CMB Polarization Era, GW Attribution, and Plasma Relics",PENDING,"Non-thermal fractions rising to the simulated 10-30 percent across an unbiased sample, with dispersions tracking AGN power and merger state as feedback transport requires, restores the stirred picture and removes the settled-at-birth reading."
P062,Paper 3; Paper 14,"PTA anisotropy mapping and single-source detections must reveal an SMBH binary population that is overmassive and early relative to local scaling relations, and the background's spectral shape must show smooth secular final-parsec passage, no stalled-then-rescued turnover.",Nanohertz GW background resolves into overmassive early binaries crossing a smooth final parsec,,"CMB Polarization Era, GW Attribution, and Plasma Relics",PENDING,"The background resolved into a binary population fully consistent with local scaling relations and standard merger rates; or a measured spectrum demanding stalled-then-rescued dynamics with the loss-cone turnover; or a confirmed primordial (string/phase-transition) origin, which separately conflicts with SCT's tensor floor."
P063,Paper 11,"The ICM entropy floor K₀ is invariant from z = 2 to z = 0: K₀(z=2)/K₀(z=0) ∈ [0.8, 1.2], relic entropy conserved since the collision epoch, directly distinguishing relic-entropy from AGN-preheating origins.",ICM entropy floor redshift invariance: K₀(z=2)/K₀(z=0),,Intracluster Medium Entropy Floor,PENDING,"K₀(z=2)/K₀(z=0) ≪ 1 confirmed by Athena, direct falsification of relic entropy, confirmation of AGN preheating origin."
P064,Paper 3,"The Roman Space Telescope High Latitude Wide Area Survey detects 550–4770 galaxies with M_* > 10^{10} M☉ at z = 12–15 (central prediction: 1590 total across three z-bins). The contrasting “ΛCDM predicts fewer than 3 detections” figure is quoted as a heuristic only: a defensible ΛCDM number-count from an explicit halo-mass-function × stellar-to-halo-mass-ratio × completeness computation with citation is an OPEN task (future work) and is not derived in this paper. We also acknowledge that some z > 14 systems (e.g. MoM-z14-class masses) are reproducible in current simulation suites, so the exponential-cutoff framing is not settled consensus.",Roman HLWAS detects 550–4770 galaxies M_ > 10¹⁰ M☉ at z = 12–15*,,Early Structure Formation and JWST,PENDING,"Fewer than 100 total detections with M_* > 10^{10} M☉ across all three bins in the full 2000 sq.deg. Roman survey, this threshold lies >2.3σ below the lower edge of the SCT uncertainty band."
P065,Paper 1; Paper 14,Spatial anisotropy in Λ_eff is correlated with the parent-frame bulk motion direction (Premise P63): supernova surveys measuring H₀ in different sky directions should detect a coherent dipole-like Λ_eff variation aligned with the ~600 km/s bulk flow direction. Isotropic Λ_eff at the same precision would falsify Premise P63.,Dipolar Λ_eff aligned with bulk flow (LSST supernova H₀ dipole),,"Dark Energy, Hubble Tension, and Expansion",PENDING,"All-sky LSST supernova survey finding H₀ isotropic at 0.1% precision in all sky directions after dust and peculiar velocity corrections, ruling out the dipole-like Λ_eff variation at >3σ."
P066,Paper 11,Satellite plane thickness scales with host mass as h_plane ∝ M_host^{−1/3}; satellite plane normals of neighboring galaxies (separation < 5 Mpc) are more correlated than ΛCDM predicts; orbital poles are statistically perpendicular to the nearest cosmic filament at >2σ in ≥50 systems; thinner planes have systematically higher co-rotation fractions.,Satellite plane scaling relations,,Angular Momentum and Rotation Coherence,PENDING,LSST satellite census finding: no h–M scaling; no plane normal correlation below 5 Mpc; no orbital pole–filament perpendicularity at >2σ; no h vs. f_co correlation.
P067,Paper 11; Paper 5,"The Milky Way and M31 satellite count match the count predicted by the collision impact-parameter distribution, eliminating the ""missing satellites"" problem of ΛCDM through a non-particle-DM mechanism.",Missing-satellites count consistent with collision-determined seeding,,Dark Matter (Particle Non-Detection and Superposition),PENDING,"Refined satellite censuses (LSST, Euclid, JWST) finding satellite counts that cannot be reconciled with reasonable collision impact-parameter distributions, e.g. counts >10× the SCT prediction range across multiple host galaxies, requiring non-collision-origin populations."
P068,Paper 11; Paper 1,"The core-vs-cusp distribution of dwarf galaxy inner DM-equivalent density profiles correlates with the parent collision impact parameter, head-on collisions produce different profiles than grazing collisions.",Core-cusp profile correlation with collision geometry,,Dark Matter (Particle Non-Detection and Superposition),PENDING,"Dwarf galaxy DM profiles found independent of any environmental tracer of collision history (e.g. flat correlation between profile slope and J/J_circ ratio across a >50-galaxy sample), with diversity attributable solely to internal subhalo properties. The required environmental classification can be drawn from SPARC rotation curves combined with MaNGA IFU kinematics for the parent system, with JWST adding high-z dwarfs to the discrimination sample."
P069,Paper 5; Paper 11,"The J ∝ M × v_rel cluster-spin scaling confirmed at z ≈ 0 (Tang et al. 2025) must hold approximately z-independently at z = 0.5–1.5, because the scaling reflects formation-epoch boundary conditions, not gradual tidal accumulation; ΛCDM tidal torque theory predicts a redshift-dependent scaling.",Cluster spin redshift evolution from formation-epoch J,,Angular Momentum and Rotation Coherence,PENDING,"Cluster spin surveys at z = 0.5–1.5 finding J ∝ M × v_rel scaling absent or strongly redshift-dependent, consistent with gradual tidal torque accumulation rather than formation-epoch imprint."
P070,Paper 2,Cluster mass estimates from weak lensing without frame-tree corrections are systematically biased by ~1% relative to masses derived from internal kinematics. Applying the frame-tree correction term will restore the bias; removing it will reintroduce the ~1% discrepancy.,WL vs. kinematic cluster mass ~1% discrepancy from frame-tree bias,,Hierarchical Lorentz Frame-Tree Corrections (Paper 2),PENDING,"Euclid+DESI+4MOST overlapping mass analysis finding no systematic ~1% offset between weak-lensing and kinematic masses across a sample of >1000 clusters, ruling out the frame-tree lensing bias at >3σ."
P071,Paper 1; Paper 3,"ΛCDM voids must contain a tenfold population of dark halos (faint dwarfs, starless HI clouds, void lensing); SCT voids are deposited gaps and must be genuinely empty. Edge sharpness must correlate with the bounding filaments' properties, not with void size.","Voids are architecturally empty: no hidden halo population, edges set by bounding filaments",,Deposited-Web Architecture,PENDING,"Discovery of the predicted void population, faint dwarfs, starless HI clouds, or a void-interior lensing signature consistent with the tenfold hidden halo count, falsifies deposition emptiness directly. Edge sharpness tracking void size rather than bounding-filament properties breaks the deposited-edge origin."
P072,Paper 1; Paper 5,"Filament width must show a near-invariant regime that does not scale with mass as collapse-equilibration demands, and massive nodes must be over-connected relative to hierarchical growth, with connectivity correlating with multi-axis spin structure at the junctions.",Deposited-web metrics: near-invariant filament widths and over-connected massive nodes,,Deposited-Web Architecture,PENDING,"A width-mass relation steepening to full collapse-equilibration scaling with the invariant regime dissolving into finder artifacts; or node connectivity tracking halo mass exactly as growth predicts, with no massive-end excess and no spin-connectivity correlation."
P073,Paper 11; Paper 12,"Euclid, Rubin, and Roman convergence-peak counts must show a deficit of the highest peaks relative to the Gaussian-plus-NFW ΛCDM baseline, the smooth coherent mesh replaces cuspy concentrated halos, and peak orientations must carry alignment along the large-scale J axis.",Weak-lensing peak statistics: high-peak deficit with J-aligned orientations,,Deposited-Web Architecture,PENDING,Percent-level peak counts converging on the cuspy-NFW prediction with no high-peak deficit refutes the smooth-mesh profile; peak orientations confirmed isotropic at >3 σ removes the J-axis modulation.
P074,Paper 1; Paper 5,"Reframed to a single decisive observable and threshold: IF the BOSS galaxy 4-point parity signal is confirmed by DESI at >3σ, then its handedness axis must align with the collision J-axis family (CMB parity preference and spin-filament chirality) to within <20°; a confirmed parity signal whose axis is misaligned by >45° from the J-axis would falsify the “single deposited vector geometry” claim. (If the BOSS signal instead dissolves under DESI reanalysis, the test is simply retired as inconclusive - this outcome is explicitly NOT counted as a confirmation; the falsification weight rests solely on the alignment threshold above.)","Structure-level parity violation, if real, shares the J-axis family",,Deposited-Web Architecture,PENDING,"A confirmed 4-point signal statistically disconnected from the J-axis family at 3 σ fails the geometric inheritance in favor of field-based parity violation; dissolution under better covariance simply retires the observation (the framework survives, the prediction stays open)."
P075,Paper 15; Series 2 Paper 1,"The CAR sound speed c_s² = (1+R_b)/3 = 0.4182c² run through the full Boltzmann machinery yields r_d = 146.8 ± 5 Mpc (PROVISIONAL, pending independent third-party verification of the modified CAMB pipeline). This value is broadly consistent with DESI-derived r_d ~ 147 Mpc, but that 147 Mpc figure is a Planck/ΛCDM-calibrated anchor used by DESI, not a model-independent DESI-only measurement; DESI measures BAO distance ratios D/r_d, so “consistency” here is consistency with the ΛCDM r_d that DESI assumes and must not be read as an independent sub-σ confirmation. Reconciliation of the version history (one footnote): the earlier analytic sound-horizon estimate gave 161.4 Mpc (superseded because it omitted the perturbation-level modification), the first-pass CAMB output gave 149.1 Mpc (superseded by a corrected audit), and the current canonical-audited value is 146.8 ± 5 Mpc; the central number moved by ~10% across versions, so it cannot yet be presented as a stringent DESI confirmation until the pipeline is independently re-implemented.",CAR drag radius r_d = 146.8 Mpc (161.4 and 149.1 superseded),,CAR Acoustic Framework and Cascade-Geometry Constants (Paper 15 and Series 2 Paper 1),PENDING,"DESI Y5 measuring r_d > 150.5 Mpc or < 145.0 Mpc at 3σ; or independent verification finding the CAMB modification erroneous (which would withdraw, not falsify, the numerical value, the CAR formula itself would then need re-derivation)."
P076,Paper 14,One environment-dependent potential-decay rate produces both halves of the standing ISW contradiction: stacked supervoids imprint colder than the constant-Λ prediction while the sky-averaged ISW × LSS cross-correlation runs low. The two statistics must continue to deviate in opposite directions.,Void-stacked ISW excess coexisting with a low sky-averaged ISW amplitude,,Environment-Dependent Expansion and Spectrum Discriminants,PENDING,"Both statistics converging to a single constant decay rate, the stacked void imprint at the standard ISW amplitude AND the sky-averaged cross-correlation recovering the full ΛCDM value."
P077,Paper 11,"C_l^tSZ(SCT) = A^(−7/3) × C_l^tSZ(ΛCDM): inferred cluster masses are coherence-amplified but the gas pressure belongs to the baryons alone. With cluster-scale A ~ 1.10–1.20 the suppression lands in the observed deficit range, and must shrink with redshift as A(z) falls.",Thermal SZ power-spectrum deficit follows the A^(−7/3) suppression,,Environment-Dependent Expansion and Spectrum Discriminants,PENDING,"Deficit inconsistent with the A^(−7/3) suppression at the independently measured amplification; or a deficit constant or growing with redshift, where the framework requires it to shrink as A(z) falls."
P078,Paper 11,CMB gravitational lensing convergence power spectrum at z ~ 2–4 yields S₈ closer to Planck CMB primary value (~0.83) than to low-redshift weak-lensing value (~0.77).,CMB lensing S₈ at z ~ 2–4 closer to Planck CMB primary value,,"Dark Energy, Hubble Tension, and Expansion",PENDING,"CMB lensing S₈ at z ~ 2–4 matching the low-redshift weak-lensing value ~0.77, indicating the S₈ tension is already fully present at high z."
P079,Paper 1; Paper 12,GD-1 and Pal 5-class stream gaps resolve into visible perturbers plus inherited substructure; no gap carries the velocity fingerprint of a dark perturber passage. The symmetric ΛCDM kill: the streams must record the subhalo population.,Cold stellar streams carry no dark-subhalo flyby kinematics,,Galactic Dynamics and Substructure Discriminants,PENDING,"A confirmed stream gap carrying the full kinematic fingerprint of a dark perturber flyby, edge velocity offsets inexplicable by any cataloged baryonic body. (Symmetrically: stream censuses statistically excluding the predicted subhalo population would falsify the ΛCDM small-scale mass spectrum.)"
P080,Paper 1; Paper 14; Paper 2,"Ladder-free geometric distances, megamasers beyond z ~ 0.1, surface-brightness fluctuations to 300 Mpc, gravitational-wave standard sirens from 40 Mpc to a gigaparsec, must show H₀ descending from ~73 km/s/Mpc inside the KBC volume toward ~67 beyond it.",Radial descent of H₀ from 73 toward 67 with distance,,Expansion-Field Geometry,PENDING,"Siren, maser, and SBF samples measuring H₀ constant with distance and environment at the 2 percent level, no drift from 73 toward 67 across the KBC boundary, falsifies the Λ_eff radial profile at its most unforgiving test."
P081,Paper 1; Paper 14,"Microarcsecond astrometry (Gaia end-of-mission, Theia-class missions, VLBI) should detect anisotropic expansion, a cosmic-parallax drift of distant sources aligned with the collision-axis family. A null at percent-level gigaparsec anisotropy falsifies the Λ_eff field's kinematic reality.",Nonzero cosmic parallax aligned with the anomaly-axis family,,Expansion-Field Geometry,PENDING,"Cosmic parallax consistent with zero at sensitivity reaching percent-level gigaparsec anisotropy falsifies the kinematic reality of the Λ_eff field, the most direct execution available, with no modeling layer in between. A detected drift misaligned with the anomaly-axis family equally breaks the one-field reading."
P082,Paper 14; Paper 8,"Mesh dissipation must appear as a tiny secular orbital-evolution residual at the registered solar-system rate, connected to the cluster-scale rate (~H₀) by a single exponential family. Ranging data constraining the residual below the anchor, or a broken rate ladder, severs the mechanism.","Secular orbital-decay rate ladder: α_solar ~ 2 × 10⁻¹² per year, one exponential family up to cluster scales",,Local Anchors and Absolute Nulls,PENDING,"Precision ranging constraining the non-tidal secular residual significantly below α_solar ~ 2 × 10⁻¹² per year, or measured rates at different scales breaking the single exponential family at >3 σ, cuts the mesh-decay chain at its anchor."
P083,Paper 14; Paper 3,"The global star-formation decline after cosmic noon must arrive earliest in void-adjacent systems and latest in deeply bound environments, because the throttle is the strengthening Λ_eff field, not local feedback. Environment-split star-formation histories carry the test.",The z ~ 2 star-formation downturn is environment-phased through the Λ_eff field,,Early Demographics and Thermal History,PENDING,"Downturn onset found strictly local-condition-driven, no environmental phasing at fixed mass, full explanation by feedback energetics, removes the global clock; the standing environment-split H(z) kills apply upstream."
P084,Paper 3; Paper 5,"Extreme early massive mergers (El Gordo's mass, collision speed, and epoch) are improbable at <10⁻⁹ in ΛCDM but are the expected tail of cascade kinematics. Complete SZ and lensing surveys must find the population growing with depth, not shrinking into extreme-value territory.",The El Gordo class multiplies: high-z massive fast-merger census grows with survey depth,,Early Demographics and Thermal History,PENDING,"JWST-era masses and complete SZ surveys shrinking El Gordo and its siblings into comfortable ΛCDM extreme-value territory, with no residual population of early fast massive mergers, removes the cascade-kinematics signature."
P085,Paper 1; Paper 3,"Cascade seeding deposits intermediate-mass and massive compact objects outside galactic nuclei. Deep X-ray and dynamical searches must keep finding them, as FBOT engines, cavity-driving off-center sources, and FRB hosts with no stellar pedigree, at abundances stellar evolution cannot supply.",A distributed off-nuclear compact-object population exists at cascade-seeded abundance,,Early Demographics and Thermal History,PENDING,The multiplied FBOT census resolving cleanly into tuned stellar channels; deep searches finding no off-nuclear intermediate-mass compact objects at the abundance the transient rates imply; cavity energetics fully closed by central-AGN duty cycles alone.
P086,Paper 1; Paper 3; Paper 17,"The seeded early-radiating population (the same demographic that explains the ARCADE-2 excess) must have been present at Cosmic Dawn: 21-cm experiments should find evidence of a radio background above the CMB at z ~ 17-20, jointly explaining deep absorption troughs without exotic cooling.",An enhanced radio background exists at Cosmic Dawn,,Early Demographics and Thermal History,PENDING,21-cm cosmology establishing that no radio background above the CMB existed at Cosmic Dawn removes the early component the seeded population necessarily supplies; a confirmed deep trough demanding cold-gas thermodynamics (dark-matter scattering) rather than backlight falsifies the no-particle ledger from the other side.
P087,Paper 1; Paper 4; Paper 3,"The primordial tensor-to-scalar ratio r is approximately zero, SCT requires no inflationary gravitational wave background.",Tensor-to-scalar ratio r < 10⁻⁵,,Tensor-to-Scalar Ratio (r),PENDING,"A confirmed detection of r > 0.01 at ≥3σ significance from CMB B-mode polarization (CMB-S4, LiteBIRD, Simons Observatory) would directly falsify the SCT perturbation-generation mechanism. No combination of collision parameters within the physically allowed range produces r above 10⁻⁵."
P088,Series 2 Paper 1,"Effective relativistic species from the same cascade-geometry chain as R_b: N_eff = 2.514 vs the Standard Model 3.046. IF the SCT radiation density maps onto the standard N_eff observable, then at CMB-S4 design precision σ(N_eff) = 0.030 the forecast separation would be (3.046 − 2.514)/0.030 = 17.7σ, the sharpest scheduled test in the SCT program. This forecast is conditional and pending the modified-Boltzmann cross-check: because SCT modifies the acoustic/damping-tail physics (c_s² = 0.4182c²), “N_eff” as CMB-S4 infers it may not be the same quantity as the SCT 2.514 until the SCT-modified Boltzmann hierarchy is run so that the two are the same observable. The present 2.8σ tension against Planck 2018 (N_eff = 2.99 ± 0.17) is likewise model-inconsistent and remains OPEN. In-session verification (2026-07-10, CAMB 1.6.6, Planck 2018 TT binned spectrum): naively substituting N_eff = 2.514 into stock ΛCDM at fixed θ* is decisively excluded, Δχ² ≈ +658 over 83 band powers (H0 dragged to ≈61.3); this quantifies the open sub-check and moves it from OPEN to PARTIAL pending the CAR-patched Boltzmann run. Register-consistency flag: the register's H0≈66-67 note reproduces only with standard N_eff=3.044 (θ*+standard EOS gives H0=65.93 at w0=-0.90/wa=-0.19); combining that EOS with N_eff=2.514 instead gives H0=60.15. Which era N_eff=2.514 describes (standard recombination-era vs. late-time/CAR-sector, the quantity CMB-S4 will actually observe) should be stated explicitly — see tensions.csv T031.","N_eff = 2.514 ± 0.050, the CMB-S4 17.7 σ forecast discriminant",,CAR Acoustic Framework and Cascade-Geometry Constants (Paper 15 and Series 2 Paper 1),"PENDING (PARTIAL sub-check, see notes)","CMB-S4 measuring N_eff > 2.80 at 3 σ after full marginalization over Y_p, neutrino mass, and running, this falsifies the entire cascade-geometry chain of Series 2 Paper 1, taking the R_b derivation (#77) down with it."
P089,Paper 4; Paper 3,"Non-Gaussianity f_NL^{local} ~ 1/√N_coll (small but detectable). Critically, because |f_NL| ~ 1/√N_coll cannot exceed order unity for any N_coll ≥ 1, a confirmed detection of |f_NL| > 5 is incompatible with the cascade-CLT mechanism at any event count and would falsify it outright.",Non-Gaussianity f_NL ~ 1/√N_coll,,CMB-Specific Signatures,PENDING,"Detection of |f_NL| > 5 at >3σ significance, irreconcilable with the cascade-CLT mechanism at any N_coll and in particular with the ~10⁴ events required to produce n_s = 0.965 via the CLT. Alternatively, f_NL confirmed to be exactly zero at the 10⁻² level would conflict with the finite cascade prediction."
P090,Paper 4; Paper 3,Running spectral index α_s ≈ −β² ≈ −0.001 (with β ≈ 0.035 being the fractional scale reduction per cascade generation). A measurement of |α_s| > 0.01 would falsify the collision-scale distribution model.,Running spectral index α_s ≈ −0.001,,CMB-Specific Signatures,PENDING,"Detection of α_s clearly positive at >3σ, or |α_s| > 0.01 confirmed at high significance."
P091,Paper 4; Paper 3,"Isocurvature fraction β_iso ≈ 0, complete thermalization from a single thermal bath suppresses isocurvature modes to β_iso < 10⁻⁹. Detection of β_iso > 0.05 would falsify the complete-thermalization premise.",Isocurvature fraction β_iso ≈ 0,,CMB-Specific Signatures,PENDING,"Detection of isocurvature modes β_iso > 0.05 at high significance, would conflict with the complete-thermalization premise."
P092,Paper 1; Paper 4,"The recombination epoch in SCT is slightly compressed in redshift with a characteristic line-of-sight dispersion in the inferred z_*, due to the spatial Λ_eff variation present already at recombination.",Compressed recombination epoch with line-of-sight redshift dispersion,,CMB-Specific Signatures,PENDING,"Precision CMB acoustic peak observations finding the recombination epoch sharp (no line-of-sight dispersion) at amplitude inconsistent with the predicted Λ_eff variability at z ~ 1100, OR no compressed-duration signature in the post-recombination temperature anisotropy spectrum."
P093,Paper 4,"Hemispherical CMB power asymmetry (~7%), quadrupole-octupole alignment, odd-parity preference, and the CMB Cold Spot all share the same preferred axis, the collision axis, as a falsifiable mutual alignment cross-check. Future CMB polarization maps will show a correlated polarization anomaly co-located with the Cold Spot.",Four CMB anomalies share collision axis with correlated polarization,,CMB-Specific Signatures,PENDING,High-sensitivity CMB polarization maps finding no correlated polarization anomaly at the Cold Spot location; OR dedicated analysis showing the four anomaly axes are mutually inconsistent at 3σ.
P094,Paper 4; Paper 1; Paper 17,"Quadrupole suppression, hemispherical asymmetry, odd-parity preference, phase correlations, BipoSH coefficients, and the angular-correlation cutoff must all recur in LiteBIRD/CMB-S4 polarization, correlated with each other and sharing the deposit axis, because they are features of the underlying field, not flukes of one temperature realization.",The large-angle anomaly family recurs in polarization as one correlated structure,,"CMB Polarization Era, GW Attribution, and Plasma Relics",PENDING,"Polarization showing the full ΛCDM correlation structure at large angles, no recurrence of the family, refutes the finite-deposit explanation; recurrence with mutually inconsistent axes at 3 σ equally dismantles the one-event reading."
P095,Paper 1; Paper 14,"Directional reconstructions of the kSZ and ISW residuals must reveal two distinct axes: the kSZ component near the CMB dipole direction (frame motion), the ISW directional component along the Λ_eff gradient, roughly perpendicular, never coincident.","Two-axis anatomy of secondary CMB anisotropies: kSZ along the dipole, ISW along the Λ_eff gradient",,Expansion-Field Geometry,PENDING,"kSZ and ISW residuals consistent with isotropy at the one-percent level; or their axes coinciding rather than standing roughly perpendicular, one isotropic null or one shared axis breaks the two-vector anatomy."
P096,Paper 1; Paper 14,"Reionization optical depth shows directional variations correlated with the collision axis or with large-scale Λ_eff modulation, producing a non-uniform sky pattern in the kSZ and 21-cm signatures.",Multi-phase reionization optical depth directional variations,,CMB-Specific Signatures,PENDING,"kSZ and 21-cm reionization tomography finding optical depth uniform across the sky after standard astrophysical corrections (galactic foreground subtraction, peculiar velocity correction), at amplitude inconsistent with the predicted ~5–10% directional variations."
P097,Paper 1; Paper 17; Paper 3,"SKA 21-cm tomography must find reionization patchy on the deposited large-scale architecture (multi-phase, web-correlated), and the IGM clumping that absorbs the JWST photon-budget surplus must carry deposition statistics, dense-absorber counts correlated with web geometry, above the ΛCDM-native level.",Reionization topology correlates with the deposited web; IGM clumping carries deposition statistics,,Early Demographics and Thermal History,PENDING,"A clean single-phase sigmoid reionization, smooth in time and space with scatter fully attributable to source statistics; or ionization topology uncorrelated with the web's geography; or direct clumping diagnostics finding the ΛCDM-native value while the photon budget stays over-supplied."
P098,Paper 14,"Λ_eff(z) → 0 at high redshift (z >> 1): the dark energy contribution to the Friedmann equation diminishes faster than a cosmological constant in the matter-dominated era, yielding a distinctive H(z) signature measurable by future 21-cm surveys.",Λ_eff → 0 at high redshift (z ≫ 1),,"Dark Energy, Hubble Tension, and Expansion",PENDING,"21-cm surveys finding H(z) at z = 3–5 consistent with ΛCDM's constant-Λ model, with no evidence of faster Λ_eff suppression at high z."
P099,Paper 5,"Hierarchical alignment strength in filaments: spin coherence is strongest in the main strand of a well-defined filament, weaker and differently oriented in secondary branches ('tentacles'), and most disordered at branch points where two collision-defined J-vectors compete.",Hierarchical spin coherence within filament structure,,Angular Momentum and Rotation Coherence,PENDING,"MeerKAT/SKA survey finding no gradient in spin coherence strength or axis direction across main strand, secondary branches, and branch points of a well-resolved filament system."
P100,Paper 1; Paper 5,"Primordial magnetic fields generated in the collision dynamics show coherent large-scale alignment, a signature distinct from astrophysical magnetogenesis.",Magnetic field large-scale coherence,,Angular Momentum and Rotation Coherence,PENDING,"Faraday rotation measure analyses across cosmological baselines finding magnetic field coherence consistent with stochastic astrophysical generation only, with no residual large-scale alignment correlated with the SCT collision axis."
P101,Paper 1,"Reframed to a single decisive observable and threshold: void magnetic fields must be nonzero (CTA/blazar-halo lower bound B > 10⁻¹⁶ G stays above zero) AND carry the helicity signature of a frozen-in inherited fossil field. The decisive falsifier is a confirmed null below the CTA bound (B < 10⁻¹⁶ G at >3σ in genuinely empty corridors), which falsifies the inherited-fossil prediction. (The qualitative “diluted fossil vs post-collision generation” distinction is treated as a structural commitment, not a separate counted prediction, to avoid an either-way-survives framing.)","Void magnetic fields are inherited: nonzero, frozen-in, with no generation-epoch signature",,"CMB Polarization Era, GW Attribution, and Plasma Relics",PENDING,"A robust demonstration that void fields are zero (CTA finding GeV pair halos at full strength) removes the inherited baseline; void fields measured with properties uniquely matching a specific post-collision generation mechanism, inconsistent with diluted fossil flux, break the heirloom reading."
P102,Paper 1; Paper 5,"The stubborn foreground residuals, AME peak-frequency shifts, synchrotron depolarization, free-free optical-depth mismatch, dust-polarization structure, must correlate with each other and with the inherited angular-momentum and field architecture, rather than resolving independently under refined local physics.",Galactic foreground anomalies are one correlated family on the inherited field topology,,"CMB Polarization Era, GW Attribution, and Plasma Relics",PENDING,"Refined local physics resolving each anomaly independently, with cross-component residual correlations consistent with zero and no relation to the inherited architecture, removes the one-topology diagnosis."
P103,Paper 12; Paper 14,"The cosmological neutrino-mass tension (Σm_ν driven below the 0.059 eV oscillation floor) is an absorption artifact: fits that marginalize over a lensing-amplitude term and an evolving dark-energy sector, the two SCT-shaped degrees of freedom, must lift Σm_ν back above the floor.",Neutrino-mass inference recovers above the oscillation floor under SCT-shaped marginalization,,Expansion-Field Geometry,PENDING,"If fits marginalizing over lensing amplitude and evolving dark energy still drive Σm_ν below 0.059 eV at more than 3 σ, the SCT reconciliation fails, the conflict would not be an absorption artifact."
P104,Paper 1; Paper 3,"Primordial Li-7 abundance shows small spatial variations correlated with environmental Λ_eff, traceable in metal-poor stars from different local cosmic environments, distinct from any uniform-cosmological-Li-7 model.",Li-7 spatial variations from primordial inhomogeneity,,Early Structure Formation and JWST,PENDING,"Primordial Li-7 abundance found uniform across all environments to high precision after metallicity-evolution corrections, ruling out collision-driven primordial inhomogeneity. The decisive instruments are ESPRESSO and ELT high-resolution spectroscopy of metal-poor stars across diverse local environments (halo, dwarf-galaxy, intergalactic-medium populations)."
P105,Paper 16,"Gravitational wave post-merger echoes at delay time τ_echo ∝ M_BH, with modified quasi-normal mode spectrum Δω/ω ~ (R_core/R_Schwarzschild)². Detectable by next-generation LIGO-Voyager and Einstein Telescope at SNR > 8.",Gravitational wave post-merger echoes and modified QNM spectrum,,Black Holes and QCD Singularity Resolution,PENDING,"Einstein Telescope/LIGO-Voyager ringdown analysis of ≥10 high-SNR BH merger events firmly excluding post-merger echoes and confirming QNM frequencies consistent with Kerr to better than 1%, ruling out polyquark-core finite-surface structure at >5σ."
P106,Paper 16,"BH mass-radius relation from QCD degeneracy pressure: polyquark core radius scales as R_core ∝ M_BH^{1/3}, implying a maximum compactness limit below the Buchdahl limit, testable via X-ray timing of neutron star-black hole binaries.",Polyquark core radius scales R_core ∝ M_BH^{1/3},,Black Holes and QCD Singularity Resolution,PENDING,"X-ray timing or GW tidal deformability measurements of a BH confirming Λ_tidal = 0 to precision that excludes R_core > 1 km for a 10 M☉ BH, ruling out a finite polyquark core at the predicted scale."
P107,Paper 16,"For softer EOSs in the QCD-compatible band, polyquark configurations have compactness C ≲ 0.3–0.4 and remain horizonless; for stiffer EOSs C → 1/2 (near-horizon); for the stiffest allowed parameters C ≥ 1/2 with finite-density cores enclosed inside a horizon.",Horizonless / near-horizon regime for softer EOSs (C ≲ 0.3–0.4),,Black Holes and QCD Singularity Resolution,PENDING,"Same as Ledger #53, clean Kerr ringdown measurements ruling out finite-surface structure across high-SNR BH merger events at >5σ, OR NICER finding R < 7 km for a 2 M☉ pulsar (outside the band on the soft side), OR confirmed pulsar with M > 2.5 M☉ (outside the band on the stiff side)."
P108,Paper 4; Paper 3,"The collision cascade generates a stochastic GW background distinct from inflationary or astrophysical (binary merger) backgrounds. The amplitude is set by N_coll ~ 10⁴ events with thermalized remnants, producing a characteristic spectral shape.",Stochastic GW background from N_coll ~ 10⁴ collision events,,Black Holes and QCD Singularity Resolution,PENDING,"PTA + LISA combined data fitting cleanly to a SMBH-binary or inflationary spectral shape with no residual at the SCT-predicted N_coll ~ 10⁴ amplitude and spectral signature, ruling out the cascade contribution at >3σ."
P109,Paper 4; Paper 1,The CMB shows a small dipolar y-type spectral distortion aligned with the same collision axis as the four large-angle anomalies and the quasar polarization preferred direction.,Dipolar y-type spectral distortion aligned with collision axis,,CMB-Specific Signatures,PENDING,"y-distortion dipole axis inconsistent with the AM coherence axis at 3σ in a future PIXIE/PRISM-class spectral distortion experiment, OR no dipolar y component detected at the predicted amplitude after foreground removal."
P110,Paper 1; Paper 5,Ultra-high-energy cosmic ray (UHECR) arrival directions correlate with the SCT collision axis or with large-scale structure features that themselves trace the collision geometry.,UHECR anisotropy correlated with large-scale structure,,Large-Scale Structures and Sibling Pockets,PENDING,"UHECR arrival directions confirmed isotropic at high precision after standard astrophysical source corrections, OR the dominant anisotropy axis found to be statistically inconsistent with the SCT collision axis at 3σ."
P111,Paper 14; Paper 15,"The Sandage-Loeb test watches expansion happen: dz/dt measured from the same spectral lines decades apart. SCT predicts the drift curve displaced from ΛCDM in shape and zero-crossing, and fractured into environment-tagged sightline families, the one observable that watches the Λ_eff field move in real time.",Redshift drift: displaced dz/dt curve and environment-fractured sightline families,,Environment-Dependent Expansion and Spectrum Discriminants,PENDING,"ELT-era drift measurements finding dz/dt matching the ΛCDM curve at the 0.1% level across sightlines of contrasting environment, one global curve, no shape displacement, no fracture."
P112,Paper 1,"Large-scale bulk flows, CMB quadrupole suppression, octupole-dipole alignment, and correlated expansion rate variations at ~1 Gpc scales are all signatures of sibling pocket gravitational influence. Nearest siblings are within our Hubble sphere at separations of ~1–2 Gpc (recession velocity 0.23c–0.47c), detectable through their gravitational influence on bulk flows.",Sibling-pocket gravitational influence at ~1–2 Gpc,,Large-Scale Structures and Sibling Pockets,PENDING,"Future CMB and peculiar velocity surveys (DESI, 4MOST) finding bulk flows fully consistent with ΛCDM linear perturbation theory, with no excess coherent motion at ~1 Gpc scales."
P113,Paper 2; Paper 1,"An unperformed future computation: the hereditary proper-time bookkeeping (a consistency reinterpretation WITHIN the standard expanding FLRW metric, not a replacement for metric expansion) must statistically reproduce the Hubble law z ∝ d when expressed through the nested comoving-frame hierarchy. Failure to recover H₀ = 67–73 km/s/Mpc from the pocket hierarchy would falsify this consistency reinterpretation. This is an open theoretical task, not a prediction about observable nature, and is excluded from the prediction count.",Hubble law z ∝ d recovered from pocket hierarchy,,Early Structure Formation and JWST,OPEN-DERIVATION,"Systematic frame-tree calculations for a representative sample of source-observer pairs finding that the hierarchical z = f(pocket_depth, proper-time path) formula fails to recover H₀ = 67–73 km/s/Mpc, demonstrating the pocket hierarchy cannot reproduce the observed Hubble law without fine-tuning."
P114,Paper 1; Paper 5,"An unperformed derivation flagged by the authors as the primary theoretical vulnerability of SCT: superluminal phase-velocity shock fronts in the collision mechanism must maintain causality at all times (v_group ≤ c everywhere). Any observation or derivation showing information propagation faster than c would falsify the superluminality premise. This is an open theoretical task (a consistency requirement on the framework), not a prediction about observable nature, and is excluded from the prediction count.",Causality preservation: v_group ≤ c everywhere in the collision,,Causality Preservation,OPEN-DERIVATION,"A rigorous mathematical demonstration that the SCT collision mechanism, when formalized in a specific modified EFE with nested comoving frames, requires information (group velocity) to propagate faster than c at some point during the collision. This would violate SR causality and is identified as the primary theoretical vulnerability of SCT."
P115,Paper 1; Paper 3,"An unperformed future computation: specific nucleosynthesis yields from the shock-heated collision plasma must match observed primordial H, He, Li abundances (D/H = 2.527 ± 0.030 × 10⁻⁵; Y_p = 0.2449 ± 0.0040). Any deviation in light-element ratios under SCT collision thermodynamics would falsify the cascade-termination timeline. The BBN computation under H_SCT has not been performed; this is an open theoretical task excluded from the prediction count.",BBN abundances under H_SCT(z),,Early Structure Formation and JWST,OPEN-DERIVATION,"A future precision BBN calculation under H_SCT(z) finding predicted D/H or Y_p deviating from observed values by more than 2σ, would indicate that the SCT expansion history disturbs BBN chemistry."
